id,created_at,updated_at,first_name,last_name,username,password,email,birthday,user_id
1,2017-04-04 11:15:25 UTC,2017-04-04 11:15:25 UTC,first666,last666,username666,password,test0@gmail.com,2017-04-04,
2,2017-04-04 11:15:25 UTC,2017-04-04 11:15:25 UTC,first1,last1,username1,password,test1@gmail.com,2016-04-04,
3,2017-04-04 11:15:25 UTC,2017-04-04 11:15:25 UTC,first2,last2,username2,password,test2@gmail.com,2015-04-04,
4,2017-04-04 11:15:25 UTC,2017-04-04 11:15:25 UTC,first3,last3,username3,password,test3@gmail.com,2014-04-04,
5,2017-04-04 11:15:25 UTC,2017-04-04 11:15:25 UTC,first4,last4,username4,password,test4@gmail.com,2013-04-04,
6,2017-04-04 11:15:25 UTC,2017-04-04 11:15:25 UTC,first5,last5,username5,password,test5@gmail.com,2012-04-04,
7,2017-04-04 11:15:25 UTC,2017-04-04 11:15:25 UTC,first6,last6,username6,password,test6@gmail.com,2011-04-04,
8,2017-04-04 11:15:25 UTC,2017-04-04 11:15:25 UTC,first7,last7,username7,password,test7@gmail.com,2010-04-04,
9,2017-04-04 11:15:25 UTC,2017-04-04 11:15:25 UTC,first8,last8,username8,password,test8@gmail.com,2009-04-04,
10,2017-04-04 11:15:25 UTC,2017-04-04 11:15:25 UTC,first9,last9,username9,password,test9@gmail.com,2008-04-04,
11,2017-04-04 11:15:25 UTC,2017-04-04 11:15:25 UTC,first9,last9,username666666666666666666666666666666666666666666666,password,test9@gmail.com,2008-04-04,
12,2017-04-04 11:15:25 UTC,2017-04-04 11:15:25 UTC,first8,last8,username8,password,test8@gmail.com,2009-04-04,
